{"options":{"check_for_updates":true,"comment":null,"compat_foreach":false,"compat_metadata":false,"compat_powerful_this":null,"compat_wrappedjsobject":false,"compatopts_for_requires":true,"noframes":null,"override":{"merge_connects":true,"merge_excludes":true,"merge_includes":true,"merge_matches":true,"orig_connects":[],"orig_excludes":["/^(https?:\\/\\/)([^\\/]+\\.)?((github|aliyun|reddit|bing|yahoo|microsoft|whatsapp|amazon|ebay|payoneer|paypal|skrill|stripe|tipalti|wise|discord|tokopedia|taobao|taboola|aliexpress|netflix|citigroup|spotify|bankofamerica|hsbc|blogger|accounts.youtube|(cloud|mail|translate|analytics|accounts|myaccount|contacts|clients6|developers|payments|pay|ogs|safety|wallet|docs|workspace|gemini|adservice|tagmanager).google|atlassian|pinterest|twitter|x|live|linkedin|fastbull|tradingview|deepseek|chatgpt|openai|grok|bilibili|indodax|bmcdn6|fbsbx|googlesyndication|amazon-adsystem|pubmatic|gstatic).com|proton.me|(greasyfork|openuserjs|telegram|wikipedia|lichess).org|(doubleclick|yahoo).net|meta.ai|codepen.io|(shopee|lazada|rakuten|maybank|binance).*|(dana|ovo|bca.co|bri.co|bni.co|bankmandiri.co|desa|(.*).go).id|(.*).(edu|gov))(\\/.*)/","/^https?:\\/\\/([a-z0-9]+\\.)*(facebook|instagram|tiktok)\\.com\\/(?!(flx\\/warn\\/|linkshim\\/|link\\/v2)).*/"],"orig_includes":[],"orig_matches":["*://*/*"],"orig_noframes":null,"orig_run_at":"document-start","orig_run_in":[],"orig_tags":[],"use_blockers":[],"use_connects":[],"use_excludes":["/^[^:/#?]*:\\/\\/([^#?/]*\\.)?www\\.youtube\\.com(:[0-9]{1,5})?\\/.*$/","/^[^:/#?]*:\\/\\/([^#?/]*\\.)?accounts\\.youtube\\.com(:[0-9]{1,5})?\\/.*$/","/^[^:/#?]*:\\/\\/([^#?/]*\\.)?www\\.facebook\\.com(:[0-9]{1,5})?\\/.*$/","/^[^:/#?]*:\\/\\/([^#?/]*\\.)?www\\.fbsbx\\.com(:[0-9]{1,5})?\\/.*$/","/^[^:/#?]*:\\/\\/([^#?/]*\\.)?studio\\.youtube\\.com(:[0-9]{1,5})?\\/.*$/","/^[^:/#?]*:\\/\\/([^#?/]*\\.)?host252\\.hallonet\\.id(:[0-9]{1,5})?\\/.*$/","/^[^:/#?]*:\\/\\/([^#?/]*\\.)?console\\.wifiman\\.com(:[0-9]{1,5})?\\/.*$/","/^[^:/#?]*:\\/\\/([^#?/]*\\.)?account\\.ui\\.com(:[0-9]{1,5})?\\/.*$/","/^[^:/#?]*:\\/\\/([^#?/]*\\.)?www\\.googletagmanager\\.com(:[0-9]{1,5})?\\/.*$/","/^[^:/#?]*:\\/\\/([^#?/]*\\.)?new\\.clientzone\\.rumahweb\\.com(:[0-9]{1,5})?\\/.*$/","/^[^:/#?]*:\\/\\/([^#?/]*\\.)?simpulumlamerop\\.com(:[0-9]{1,5})?\\/.*$/","/^[^:/#?]*:\\/\\/([^#?/]*\\.)?disqus\\.com(:[0-9]{1,5})?\\/.*$/","/^[^:/#?]*:\\/\\/([^#?/]*\\.)?oploverz\\.my(:[0-9]{1,5})?\\/.*$/","/^[^:/#?]*:\\/\\/([^#?/]*\\.)?103\\.216\\.106\\.252(:[0-9]{1,5})?\\/.*$/","/^[^:/#?]*:\\/\\/([^#?/]*\\.)?103\\.216\\.106\\.2(:[0-9]{1,5})?\\/.*$/","/^[^:/#?]*:\\/\\/([^#?/]*\\.)?mrtg\\.hallonet\\.id(:[0-9]{1,5})?\\/.*$/","/^[^:/#?]*:\\/\\/([^#?/]*\\.)?client\\.hallonet\\.id(:[0-9]{1,5})?\\/.*$/"],"use_includes":[],"use_matches":[]},"run_at":null,"run_in":null,"sandbox":null,"tags":[],"unwrap":null,"user_modified":null},"settings":{"enabled":true,"position":5},"meta":{"name":"Bypass All Shortlinks","uuid":"85135e3b-c4d9-40f1-9fad-2f8aacfbf1e3","modified":1746009739710,"file_url":"https://update.greasyfork.org/scripts/431691/Bypass%20All%20Shortlinks.user.js"}}