{"options":{"check_for_updates":true,"comment":null,"compat_foreach":false,"compat_metadata":false,"compat_powerful_this":null,"compat_wrappedjsobject":false,"compatopts_for_requires":true,"noframes":null,"override":{"merge_connects":true,"merge_excludes":true,"merge_includes":true,"merge_matches":true,"orig_connects":[],"orig_excludes":[],"orig_includes":["/^(https?:\\/\\/)(.+)?(shortzon|coinadfly|bclikeqt|fc-lc)(\\.com)(\\/.*)/","/^(https?:\\/\\/)(.+)?(downfile|promo-visits)(\\.site)(\\/.*)/","/^(https?:\\/\\/)(.+)?(bcvc|satoshi-win)(\\.xyz)(\\/.*)/","/^(https?:\\/\\/)(1dogecoin|faucet)(\\.work)(\\/.*)/"],"orig_matches":["*://linkvertise.download/download/*","*://*.trangchu.news/*","*://*.bitcoinly.in/*","*://*.vshort.link/*","*://*.linka.click/*","*://*.linkres.in/*","*://*.cashurl.in/*","*://*.linkad.in/*","*://*.cuturl.in/*","*://*.mitly.us/*","*://*.aii.sh/*","*://*.iir.ai/*","*://*/recaptcha/*"],"orig_noframes":null,"orig_run_at":"document-start","orig_run_in":[],"use_blockers":[],"use_connects":[],"use_excludes":["/^[^:/#?]*:\\/\\/([^#?/]*\\.)?anydesk\\.com(:[0-9]{1,5})?\\/.*$/"],"use_includes":[],"use_matches":[]},"run_at":null,"run_in":null,"sandbox":null,"tags":[],"unwrap":null,"user_modified":null},"settings":{"enabled":true,"position":10},"meta":{"name":"All Popups Blocker and reCAPTCHA Solver","uuid":"dbfd587f-381d-4c9c-b700-5943c20e0377","modified":1657505408159,"file_url":"https://greasyfork.org/scripts/439683-all-popups-blocker-and-recaptcha-solver/code/All%20Popups%20Blocker%20and%20reCAPTCHA%20Solver.user.js"}}