{"options":{"check_for_updates":true,"comment":null,"compat_foreach":false,"compat_metadata":false,"compat_powerful_this":null,"compat_wrappedjsobject":false,"compatopts_for_requires":true,"noframes":null,"override":{"merge_connects":true,"merge_excludes":true,"merge_includes":true,"merge_matches":true,"orig_connects":[],"orig_excludes":[],"orig_includes":[],"orig_matches":["https://www.facebook.com/*","https://www.youtube.com/*","https://www.reddit.com/*"],"orig_noframes":null,"orig_run_at":"document-start","orig_run_in":[],"use_blockers":[],"use_connects":[],"use_excludes":["/^[^:/#?]*:\\/\\/([^#?/]*\\.)?www\\.youtube\\.com(:[0-9]{1,5})?\\/.*$/"],"use_includes":[],"use_matches":[]},"run_at":null,"run_in":null,"sandbox":null,"tags":[],"unwrap":null,"user_modified":null},"settings":{"enabled":true,"position":6},"meta":{"name":"Facebook, Youtube and Reddit Video Downloader","uuid":"bd6ef2a0-ed9b-46f1-bd4b-de84a6feabda","modified":1666427727704,"file_url":"https://greasyfork.org/scripts/453302-facebook-youtube-and-reddit-video-downloader/code/Facebook,%20Youtube%20and%20Reddit%20Video%20Downloader.user.js"}}