{"options":{"check_for_updates":true,"comment":null,"compat_foreach":false,"compat_metadata":false,"compat_powerful_this":null,"compat_wrappedjsobject":false,"compatopts_for_requires":true,"noframes":null,"override":{"merge_connects":true,"merge_excludes":true,"merge_includes":true,"merge_matches":true,"orig_connects":["youtube.com"],"orig_excludes":["*://music.youtube.com/*","*://*.music.youtube.com/*"],"orig_includes":[],"orig_matches":["*://*.youtube.com/*"],"orig_noframes":null,"orig_run_at":"document-end","orig_run_in":[],"use_blockers":[],"use_connects":[],"use_excludes":[],"use_includes":[],"use_matches":[]},"run_at":null,"run_in":null,"sandbox":null,"tags":[],"unwrap":null,"user_modified":null},"settings":{"enabled":true,"position":8},"meta":{"name":"Return YouTube Dislike","uuid":"19d55e25-e9e7-4011-8b6e-b2a7a4030fe9","modified":1713573170597,"file_url":"https://github.com/Anarios/return-youtube-dislike/raw/main/Extensions/UserScript/Return%20Youtube%20Dislike.user.js"}}