{"options":{"check_for_updates":true,"comment":null,"compat_foreach":false,"compat_metadata":false,"compat_powerful_this":null,"compat_wrappedjsobject":false,"compatopts_for_requires":true,"noframes":null,"override":{"merge_connects":true,"merge_excludes":true,"merge_includes":true,"merge_matches":true,"orig_connects":[],"orig_excludes":[],"orig_includes":[],"orig_matches":["https://www.youtube.com/*"],"orig_noframes":null,"orig_run_at":"document-idle","orig_run_in":[],"use_blockers":[],"use_connects":[],"use_excludes":[],"use_includes":[],"use_matches":[]},"run_at":null,"run_in":null,"sandbox":null,"tags":[],"unwrap":null,"user_modified":1705124987672},"settings":{"enabled":true,"position":9},"meta":{"name":"YouTube™ Multi Downloader - sfrom.net (Shift + D)","uuid":"24eff7fe-59a4-4ee8-8ade-5b83616b0f3e","modified":1697671531119,"file_url":"https://greasyfork.org/scripts/475514-youtube-multi-downloader-sfrom-net-shift-d/code/YouTube%E2%84%A2%20Multi%20Downloader%20-%20sfromnet%20(Shift%20+%20D).user.js"}}