{"options":{"check_for_updates":true,"comment":null,"compat_foreach":false,"compat_metadata":false,"compat_powerful_this":null,"compat_wrappedjsobject":false,"compatopts_for_requires":true,"noframes":null,"override":{"merge_connects":true,"merge_excludes":true,"merge_includes":true,"merge_matches":true,"orig_connects":[],"orig_excludes":[],"orig_includes":[],"orig_matches":["https://bgp.he.net/search*","https://bgp.he.net/AS*"],"orig_noframes":null,"orig_run_at":"document-idle","orig_run_in":[],"orig_tags":[],"use_blockers":[],"use_connects":[],"use_excludes":[],"use_includes":[],"use_matches":[]},"run_at":null,"run_in":null,"sandbox":null,"tags":[],"unwrap":null,"user_modified":1754055467680},"settings":{"enabled":true,"position":1},"meta":{"name":"Address List BGP","uuid":"63dc9b5a-fe5a-4593-950e-8dbd0fc10133","modified":1701436174781,"file_url":"https://raw.githubusercontent.com/laksa19/addrlistbgp/main/addrlistbgp.user.js"}}