{"ts":1751521592191,"data":{"_MonkeyConfig_Bypass_All_Shortlinks_Version_96_4_Settings_cfg":"s{\"Announcements\":\"1. Support Me Via https://saweria.co/Bloggerpemula or Crypto(Check Homepage)\\n2. Teal Features=> Sometimes Causes Problems , use Your own Trial Error\\n3. Red Features=> I haven't Published it yet (Read Script Info)\\n4. Please Enable Auto Recaptcha Audio Mode only when you need it , to Avoid Error Sending Automated Queries\",\"BlogDelay\":false,\"SetDelay\":\"5\",\"TimerFC\":true,\"TDelay\":\"1000\",\"Audio\":false,\"Images\":false,\"Iconcaptcha\":false,\"Scroll\":false,\"NopeCHA\":\"\",\"NoCaptcha\":\"\",\"RightFC\":false,\"BlockFC\":true,\"BlockPop\":false,\"AntiDebug\":false,\"YTDef\":false,\"YTNoc\":false,\"YTShort\":false,\"Adblock\":false,\"Prompt\":false,\"Anima\":false,\"hCaptcha\":false,\"SameTab\":false,\"Flickr\":false,\"YTDown\":false,\"AutoDL\":false,\"shadowWidth\":\"630px\",\"shadowHeight\":\"500px\",\"iframeWidth\":\"600px\",\"iframeHeight\":\"400px\",\"shadowFontSize\":\"14px\",\"shadowFontColor\":\"#000000\",\"iframeFontSize\":\"14px\",\"iframeFontColor\":\"#000000\"}"}}